<?xml version="1.0" encoding="UTF-8" standalone="yes"?>
<a:clrScheme xmlns:a="http://schemas.openxmlformats.org/drawingml/2006/main" name="3_color candy"><a:dk1><a:sysClr val="windowText" lastClr="000000"/></a:dk1><a:lt1><a:sysClr val="window" lastClr="FFFFFF"/></a:lt1><a:dk2><a:srgbClr val="2D3847"/></a:dk2><a:lt2><a:srgbClr val="E7E6E6"/></a:lt2><a:accent1><a:srgbClr val="4BD1FB"/></a:accent1><a:accent2><a:srgbClr val="107CD6"/></a:accent2><a:accent3><a:srgbClr val="AA1BE3"/></a:accent3><a:accent4><a:srgbClr val="E717CE"/></a:accent4><a:accent5><a:srgbClr val="F94994"/></a:accent5><a:accent6><a:srgbClr val="FB85B8"/></a:accent6><a:hlink><a:srgbClr val="0563C1"/></a:hlink><a:folHlink><a:srgbClr val="954F72"/></a:folHlink></a:clrScheme>