<?xml version="1.0" encoding="UTF-8" standalone="yes"?>
<a:clrScheme xmlns:a="http://schemas.openxmlformats.org/drawingml/2006/main" name="UBrown"><a:dk1><a:sysClr val="windowText" lastClr="000000"/></a:dk1><a:lt1><a:sysClr val="window" lastClr="FFFFFF"/></a:lt1><a:dk2><a:srgbClr val="3D4A65"/></a:dk2><a:lt2><a:srgbClr val="E7E6E6"/></a:lt2><a:accent1><a:srgbClr val="DC8F50"/></a:accent1><a:accent2><a:srgbClr val="B8801A"/></a:accent2><a:accent3><a:srgbClr val="BF671F"/></a:accent3><a:accent4><a:srgbClr val="C27918"/></a:accent4><a:accent5><a:srgbClr val="C9771D"/></a:accent5><a:accent6><a:srgbClr val="C66E2C"/></a:accent6><a:hlink><a:srgbClr val="FCE701"/></a:hlink><a:folHlink><a:srgbClr val="954F72"/></a:folHlink></a:clrScheme>