<?xml version="1.0" encoding="UTF-8" standalone="yes"?>
<a:clrScheme xmlns:a="http://schemas.openxmlformats.org/drawingml/2006/main" name="C3"><a:dk1><a:srgbClr val="000000"/></a:dk1><a:lt1><a:srgbClr val="FFFFFF"/></a:lt1><a:dk2><a:srgbClr val="2D3847"/></a:dk2><a:lt2><a:srgbClr val="000000"/></a:lt2><a:accent1><a:srgbClr val="23CB97"/></a:accent1><a:accent2><a:srgbClr val="62D036"/></a:accent2><a:accent3><a:srgbClr val="E4DA0E"/></a:accent3><a:accent4><a:srgbClr val="F29D04"/></a:accent4><a:accent5><a:srgbClr val="E76A03"/></a:accent5><a:accent6><a:srgbClr val="D01212"/></a:accent6><a:hlink><a:srgbClr val="44546A"/></a:hlink><a:folHlink><a:srgbClr val="3EBBF0"/></a:folHlink></a:clrScheme>