<?xml version="1.0" encoding="UTF-8" standalone="yes"?>
<a:clrScheme xmlns:a="http://schemas.openxmlformats.org/drawingml/2006/main" name="C4"><a:dk1><a:srgbClr val="000000"/></a:dk1><a:lt1><a:srgbClr val="FFFFFF"/></a:lt1><a:dk2><a:srgbClr val="2D3847"/></a:dk2><a:lt2><a:srgbClr val="000000"/></a:lt2><a:accent1><a:srgbClr val="E8C806"/></a:accent1><a:accent2><a:srgbClr val="FA720C"/></a:accent2><a:accent3><a:srgbClr val="E03E12"/></a:accent3><a:accent4><a:srgbClr val="7BD323"/></a:accent4><a:accent5><a:srgbClr val="C7DA10"/></a:accent5><a:accent6><a:srgbClr val="CE9014"/></a:accent6><a:hlink><a:srgbClr val="44546A"/></a:hlink><a:folHlink><a:srgbClr val="3EBBF0"/></a:folHlink></a:clrScheme>