<?xml version="1.0" encoding="UTF-8" standalone="yes"?>
<a:clrScheme xmlns:a="http://schemas.openxmlformats.org/drawingml/2006/main" name="Untouch_Color10"><a:dk1><a:sysClr val="windowText" lastClr="000000"/></a:dk1><a:lt1><a:sysClr val="window" lastClr="FFFFFF"/></a:lt1><a:dk2><a:srgbClr val="222A35"/></a:dk2><a:lt2><a:srgbClr val="DBEFF9"/></a:lt2><a:accent1><a:srgbClr val="0CCA82"/></a:accent1><a:accent2><a:srgbClr val="62B466"/></a:accent2><a:accent3><a:srgbClr val="61C44A"/></a:accent3><a:accent4><a:srgbClr val="0DCDE1"/></a:accent4><a:accent5><a:srgbClr val="1BA2F5"/></a:accent5><a:accent6><a:srgbClr val="2960B1"/></a:accent6><a:hlink><a:srgbClr val="F49100"/></a:hlink><a:folHlink><a:srgbClr val="85DFD0"/></a:folHlink></a:clrScheme>