<?xml version="1.0" encoding="UTF-8" standalone="yes"?>
<a:clrScheme xmlns:a="http://schemas.openxmlformats.org/drawingml/2006/main" name="UPurple"><a:dk1><a:sysClr val="windowText" lastClr="000000"/></a:dk1><a:lt1><a:sysClr val="window" lastClr="FFFFFF"/></a:lt1><a:dk2><a:srgbClr val="2C0131"/></a:dk2><a:lt2><a:srgbClr val="DBEFF9"/></a:lt2><a:accent1><a:srgbClr val="BF70E2"/></a:accent1><a:accent2><a:srgbClr val="C47BF1"/></a:accent2><a:accent3><a:srgbClr val="9F79FF"/></a:accent3><a:accent4><a:srgbClr val="C850DC"/></a:accent4><a:accent5><a:srgbClr val="DD62FE"/></a:accent5><a:accent6><a:srgbClr val="8F049E"/></a:accent6><a:hlink><a:srgbClr val="F49100"/></a:hlink><a:folHlink><a:srgbClr val="85DFD0"/></a:folHlink></a:clrScheme>