<?xml version="1.0" encoding="UTF-8" standalone="yes"?>
<a:clrScheme xmlns:a="http://schemas.openxmlformats.org/drawingml/2006/main" name="URed"><a:dk1><a:sysClr val="windowText" lastClr="000000"/></a:dk1><a:lt1><a:sysClr val="window" lastClr="FFFFFF"/></a:lt1><a:dk2><a:srgbClr val="4F0909"/></a:dk2><a:lt2><a:srgbClr val="DBEFF9"/></a:lt2><a:accent1><a:srgbClr val="ED3737"/></a:accent1><a:accent2><a:srgbClr val="F65050"/></a:accent2><a:accent3><a:srgbClr val="FC7C7C"/></a:accent3><a:accent4><a:srgbClr val="FE6666"/></a:accent4><a:accent5><a:srgbClr val="EE2222"/></a:accent5><a:accent6><a:srgbClr val="D22828"/></a:accent6><a:hlink><a:srgbClr val="F49100"/></a:hlink><a:folHlink><a:srgbClr val="85DFD0"/></a:folHlink></a:clrScheme>