<?xml version="1.0" encoding="UTF-8" standalone="yes"?>
<a:clrScheme xmlns:a="http://schemas.openxmlformats.org/drawingml/2006/main" name="UTosca"><a:dk1><a:sysClr val="windowText" lastClr="000000"/></a:dk1><a:lt1><a:sysClr val="window" lastClr="FFFFFF"/></a:lt1><a:dk2><a:srgbClr val="222A35"/></a:dk2><a:lt2><a:srgbClr val="D1EAF7"/></a:lt2><a:accent1><a:srgbClr val="03A592"/></a:accent1><a:accent2><a:srgbClr val="00C077"/></a:accent2><a:accent3><a:srgbClr val="08DA76"/></a:accent3><a:accent4><a:srgbClr val="11B797"/></a:accent4><a:accent5><a:srgbClr val="1A7C77"/></a:accent5><a:accent6><a:srgbClr val="09996C"/></a:accent6><a:hlink><a:srgbClr val="F49100"/></a:hlink><a:folHlink><a:srgbClr val="85DFD0"/></a:folHlink></a:clrScheme>