<?xml version="1.0" encoding="UTF-8" standalone="yes"?>
<a:clrScheme xmlns:a="http://schemas.openxmlformats.org/drawingml/2006/main" name="UYellow"><a:dk1><a:sysClr val="windowText" lastClr="000000"/></a:dk1><a:lt1><a:sysClr val="window" lastClr="FFFFFF"/></a:lt1><a:dk2><a:srgbClr val="394555"/></a:dk2><a:lt2><a:srgbClr val="E7E6E6"/></a:lt2><a:accent1><a:srgbClr val="F2AE04"/></a:accent1><a:accent2><a:srgbClr val="FFC80C"/></a:accent2><a:accent3><a:srgbClr val="FED133"/></a:accent3><a:accent4><a:srgbClr val="FFD75E"/></a:accent4><a:accent5><a:srgbClr val="FABC4C"/></a:accent5><a:accent6><a:srgbClr val="FEB41E"/></a:accent6><a:hlink><a:srgbClr val="0563C1"/></a:hlink><a:folHlink><a:srgbClr val="954F72"/></a:folHlink></a:clrScheme>